City_ID,City,Cloudiness,Country,Date,Humidity,Lat,Lng,Max Temp,Wind Speed
0,atuona,48,PF,1533741670,100,-9.8,-139.03,79.52,21.97
1,clyde river,40,CA,1533740400,66,70.47,-68.59,48.2,5.82
2,ushuaia,40,AR,1533736800,60,-54.81,-68.31,41.0,23.04
3,paka,0,HR,1533740400,45,45.29,18.06,87.8,6.93
4,dikson,56,RU,1533741670,73,73.51,80.55,52.25,17.83
5,komsomolskiy,92,RU,1533741635,94,67.55,63.78,52.25,10.0
6,rikitea,80,PF,1533741671,100,-23.12,-134.97,73.49,8.99
7,lujiang,8,CN,1533736800,89,31.26,117.28,86.0,4.47
8,saskylakh,0,RU,1533741671,69,71.97,114.09,60.08,8.43
9,broken hill,0,AU,1533741663,85,-31.97,141.45,40.73,2.84
10,hithadhoo,92,MV,1533741672,100,-0.6,73.08,82.67,3.96
11,paragominas,24,BR,1533741672,62,-3.0,-47.35,88.07,8.77
12,genhe,92,CN,1533741672,98,50.78,121.52,58.73,2.62
13,bambous virieux,40,MU,1533736800,60,-20.34,57.76,75.2,3.36
14,bluff,0,AU,1533741632,66,-23.58,149.07,41.99,2.62
15,cessnock,0,AU,1533740400,65,-32.83,151.35,46.4,1.12
16,leh,92,IN,1533741673,95,34.16,77.58,39.11,1.16
17,kapaa,1,US,1533740160,78,22.08,-159.32,75.2,16.11
18,punta arenas,75,CL,1533736800,100,-53.16,-70.91,37.4,10.29
19,barrow,36,AR,1533741674,99,-38.31,-60.23,47.57,24.2
20,ambulu,80,ID,1533741674,98,-8.35,113.61,74.3,4.41
21,luderitz,88,NA,1533741674,62,-26.65,15.16,59.63,24.32
22,quartz hill,1,US,1533740280,22,34.65,-118.22,82.4,17.22
23,hobart,75,AU,1533740400,65,-42.88,147.33,46.4,9.17
24,sidney,1,US,1533740100,49,47.72,-104.16,73.4,4.7
25,tuktoyaktuk,90,CA,1533740520,86,69.44,-133.03,39.2,14.99
26,butaritari,32,KI,1533741675,100,3.07,172.79,82.04,4.97
27,busselton,88,AU,1533741676,99,-33.64,115.35,61.07,30.8
28,albany,75,US,1533740040,69,42.65,-73.75,82.4,3.06
29,necochea,76,AR,1533741676,100,-38.55,-58.74,48.38,25.77
30,cidreira,20,BR,1533741634,87,-30.17,-50.22,66.56,4.74
31,russell,0,AR,1533736800,39,-33.01,-68.8,48.2,5.82
32,mar del plata,0,AR,1533741595,73,-46.43,-67.52,44.6,4.41
33,saint anthony,1,US,1533741180,58,43.97,-111.68,69.8,4.63
34,cabo san lucas,90,MX,1533739800,88,22.89,-109.91,75.2,20.8
35,vaini,92,IN,1533741677,99,15.34,74.49,68.72,7.2
36,east london,20,ZA,1533740400,54,-33.02,27.91,57.2,18.34
37,port elizabeth,1,US,1533740160,70,39.31,-74.98,87.8,5.82
38,kodiak,1,US,1533736380,94,39.95,-94.76,73.4,4.52
39,kaitangata,0,NZ,1533741678,68,-46.28,169.85,34.97,3.62
40,klaksvik,76,FO,1533739800,87,62.23,-6.59,53.6,11.41
41,airai,0,TL,1533741620,84,-8.93,125.41,65.57,1.95
42,aksarka,80,RU,1533741679,100,66.56,67.8,58.28,5.08
43,northam,40,GB,1533739800,87,51.04,-4.21,66.2,6.93
44,esperance,40,TT,1533740400,66,10.24,-61.45,87.8,12.75
45,yellowknife,90,CA,1533740400,82,62.45,-114.38,59.0,9.17
46,chokurdakh,0,RU,1533741617,80,70.62,147.9,36.23,10.0
47,comodoro rivadavia,0,AR,1533736800,61,-45.87,-67.48,48.2,1.12
48,cherskiy,0,RU,1533741680,95,68.75,161.3,35.06,6.08
49,bredasdorp,12,ZA,1533740400,62,-34.53,20.04,55.4,3.36
50,port said,0,EG,1533741681,14,25.34,30.55,102.74,14.14
51,severo-kurilsk,56,RU,1533741681,100,50.68,156.12,50.63,4.63
52,mount gambier,56,AU,1533741621,91,-37.83,140.78,46.4,5.19
53,mednogorsk,36,RU,1533741682,41,51.41,57.59,80.06,8.1
54,williston,1,US,1533740100,49,48.15,-103.62,75.2,4.7
55,norman wells,90,CA,1533740400,100,65.28,-126.83,55.4,3.36
56,santa,92,PH,1533741682,95,17.49,120.43,72.14,2.51
57,teya,75,MX,1533740940,79,21.05,-89.07,84.2,8.05
58,waingapu,0,ID,1533741683,86,-9.65,120.26,73.22,9.66
59,ussel,24,FR,1533741683,100,45.55,2.31,67.37,4.18
60,tacuati,88,PY,1533741683,100,-23.46,-56.74,69.71,3.96
61,shilka,36,RU,1533741684,88,51.85,116.03,56.57,2.62
62,camargo,0,MX,1533741684,37,27.69,-105.17,78.17,4.41
63,pisco,48,PE,1533741684,93,-13.71,-76.2,61.7,1.61
64,mataura,8,NZ,1533741627,75,-46.19,168.86,27.95,2.84
65,eston,20,CA,1533740400,68,51.15,-108.75,64.4,8.05
66,bethel,20,US,1533739980,100,60.79,-161.76,44.6,9.17
67,riyadh,32,SA,1533736800,6,24.63,46.72,107.6,21.92
68,ayr,40,GB,1533739800,67,55.46,-4.63,62.6,13.87
69,tual,80,ID,1533741686,95,-5.67,132.75,80.42,15.7
70,hermanus,12,ZA,1533741686,77,-34.42,19.24,51.08,3.18
71,omsukchan,56,RU,1533741686,99,62.53,155.8,43.7,2.62
72,bensonville,75,LR,1533740400,88,6.45,-10.61,77.0,8.05
73,sinnai,20,IT,1533740100,62,39.3,9.2,86.0,8.05
74,jhelum,56,PK,1533741415,91,32.94,73.72,78.35,4.74
75,hilo,90,US,1533740640,94,19.71,-155.08,73.4,8.05
76,soteapan,75,MX,1533739380,94,18.23,-94.87,77.0,4.41
77,chuy,92,UY,1533741668,100,-33.69,-53.46,56.93,10.22
78,gisborne,56,NZ,1533741688,84,-38.66,178.02,54.23,11.45
79,nikolskoye,0,RU,1533738600,40,59.7,30.79,73.4,13.42
80,dzhebariki-khaya,0,RU,1533741688,91,62.22,135.8,54.14,2.39
81,anloga,20,GH,1533740400,69,5.79,0.9,82.4,16.11
82,lukulu,0,ZM,1533741689,12,-14.38,23.24,89.42,7.09
83,meulaboh,48,ID,1533741689,100,4.14,96.13,77.27,2.39
84,sao filipe,20,CV,1533741491,94,14.9,-24.5,78.89,2.39
85,puerto ayora,20,EC,1533741617,96,-0.74,-90.35,71.78,11.01
86,tiarei,100,PF,1533740400,69,-17.53,-149.33,78.8,17.22
87,verkhnetulomskiy,0,RU,1533738600,42,68.61,31.8,64.4,6.71
88,tuatapere,48,NZ,1533741690,100,-46.13,167.69,42.35,9.22
89,kavaratti,92,IN,1533741690,100,10.57,72.64,80.69,21.63
90,litomysl,1,US,1533739200,78,43.95,-93.19,73.4,6.93
91,iqaluit,75,CA,1533740400,81,63.75,-68.52,46.4,4.7
92,tutoia,20,BR,1533736800,62,-2.76,-42.27,89.6,13.87
93,port alfred,12,ZA,1533741623,85,-33.59,26.89,59.0,15.93
94,egvekinot,92,RU,1533741691,94,66.32,-179.17,39.56,3.4
95,baltasi,92,RU,1533741691,100,56.34,50.21,56.84,19.06
96,saldanha,0,PT,1533741692,41,41.42,-6.55,79.88,8.77
97,sola,75,NO,1533739800,88,58.89,5.65,66.2,8.05
98,boden,0,SE,1533739800,77,65.83,21.69,69.8,12.75
99,geraldton,75,CA,1533740400,68,49.72,-86.95,69.8,12.75
100,port blair,92,IN,1533741693,96,11.67,92.75,83.39,16.82
101,aklavik,90,CA,1533740400,86,68.22,-135.01,41.0,12.75
102,souillac,0,FR,1533740400,47,45.6,-0.6,80.6,2.24
103,elizabeth city,1,US,1533740340,66,36.3,-76.22,89.6,11.41
104,nizwa,76,OM,1533741693,16,22.93,57.53,99.68,2.84
105,quatre cocos,40,MU,1533736800,60,-20.21,57.76,75.2,3.36
106,la paz,75,MX,1533739440,74,24.15,-110.32,78.8,8.05
107,salinopolis,0,BR,1533741695,89,-0.61,-47.36,83.66,16.26
108,avarua,40,CK,1533740400,94,-21.21,-159.78,69.8,8.05
109,khartoum,20,SD,1533740400,32,15.59,32.54,93.2,12.75
110,tarauaca,90,BR,1533736800,88,-8.16,-70.77,77.0,3.36
111,fortuna,0,ES,1533740400,41,38.18,-1.13,93.2,13.87
112,cape town,0,ZA,1533740400,66,-33.93,18.42,55.4,16.11
113,sambava,68,MG,1533741696,100,-14.27,50.17,73.94,17.94
114,suraabad,0,AZ,1533738600,55,40.82,49.47,87.8,10.29
115,santa clarita,1,US,1533740280,50,34.39,-118.54,80.6,3.18
116,honiara,75,SB,1533740400,88,-9.43,159.96,75.2,2.62
117,edelira,92,PY,1533741697,99,-26.75,-55.27,66.2,3.96
118,kinsale,40,IE,1533740400,45,51.71,-8.52,62.6,9.17
119,kavieng,36,PG,1533741697,100,-2.57,150.8,77.0,2.39
120,khatanga,0,RU,1533741624,77,71.98,102.47,53.78,5.19
121,viedma,32,AR,1533741681,84,-40.81,-62.99,49.82,12.12
122,guerrero negro,80,MX,1533741698,67,27.97,-114.04,79.61,4.07
123,new norfolk,75,AU,1533740400,65,-42.78,147.06,46.4,9.17
124,izhma,44,RU,1533741698,71,65.01,53.91,55.13,5.97
125,pasighat,8,IN,1533741509,94,28.06,95.33,71.6,1.39
126,gigmoto,80,PH,1533741699,100,13.78,124.39,81.95,14.81
127,nadym,88,RU,1533741699,100,65.53,72.51,59.18,10.45
128,bekasi,20,ID,1533740400,78,-6.23,106.99,78.8,9.17
129,pahrump,1,US,1533739980,40,36.21,-115.98,87.8,11.41
130,te anau,8,NZ,1533741700,84,-45.41,167.72,25.79,3.18
131,shache,0,CN,1533741700,35,38.42,77.24,82.58,11.56
132,hereford,20,GB,1533739800,53,52.06,-2.72,71.6,11.41
133,ancud,8,CL,1533741700,80,-41.87,-73.83,48.11,4.18
134,jiayuguan,0,CN,1533741700,55,39.77,98.29,58.1,3.06
135,itoman,1,JP,1533740160,94,26.12,127.67,84.2,2.24
136,jamestown,56,AU,1533741583,77,-33.21,138.6,43.79,4.41
137,neiafu,20,TO,1533740400,100,-18.65,-173.98,59.0,9.44
138,thompson,75,CA,1533740400,88,55.74,-97.86,62.6,8.05
139,stavyshche,88,UA,1533741702,57,50.78,28.48,78.08,4.41
140,castro,8,CL,1533741702,86,-42.48,-73.76,47.3,5.97
141,upernavik,92,GL,1533741623,93,72.79,-56.15,40.73,10.0
142,stara synyava,0,UA,1533741703,68,49.6,27.62,77.0,4.97
143,aragarcas,0,BR,1533736800,43,-15.9,-52.25,91.4,2.24
144,chojnice,8,PL,1533741703,29,53.7,17.57,92.3,14.03
145,qaanaaq,36,GL,1533741618,100,77.48,-69.36,36.23,4.18
146,coahuayana,12,MX,1533741704,80,18.62,-100.35,69.26,3.06
147,bela,76,PK,1533741704,49,26.23,66.31,90.32,4.74
148,sept-iles,20,CA,1533740400,56,50.2,-66.38,71.6,8.05
149,bulnes,0,CL,1533736800,93,-36.74,-72.3,48.2,4.7
150,tres arroyos,36,AR,1533741705,99,-38.38,-60.28,47.57,24.2
151,balikpapan,20,ID,1533738600,83,-1.24,116.86,82.4,5.82
152,baie-comeau,20,CA,1533740400,77,49.22,-68.15,69.8,3.36
153,bielsk podlaski,0,PL,1533741705,53,52.77,23.19,82.22,7.76
154,nanortalik,92,GL,1533741706,100,60.14,-45.24,43.43,6.76
155,kruisfontein,0,ZA,1533741706,81,-34.0,24.73,56.75,13.47
156,gamba,32,CN,1533741706,94,28.28,88.52,36.68,2.39
157,manaquiri,40,BR,1533740400,66,-3.43,-60.46,87.8,3.36
158,srednekolymsk,12,RU,1533741707,81,67.46,153.71,42.08,4.52
159,arraial do cabo,40,BR,1533736800,78,-22.97,-42.02,75.2,9.17
160,gorontalo,8,ID,1533741407,77,0.54,123.06,77.81,3.96
161,volodarskiy,40,RU,1533738600,31,46.4,48.54,89.6,8.95
162,faanui,12,PF,1533741707,98,-16.48,-151.75,80.42,17.05
163,provideniya,56,RU,1533741708,100,64.42,-173.23,46.58,12.24
164,saint-joseph,20,FR,1533740400,58,43.56,6.97,93.2,11.41
165,codrington,0,AU,1533741619,80,-28.95,153.24,42.35,4.85
166,krasnoye,40,RU,1533738600,51,44.87,39.46,84.2,15.66
167,katsuura,20,JP,1533741631,77,33.93,134.5,77.9,7.65
168,pilar,90,AR,1533736800,87,-34.46,-58.91,53.6,8.05
169,cayenne,75,GF,1533738600,62,4.94,-52.33,87.8,6.93
170,narsaq,75,GL,1533739800,87,60.91,-46.05,50.0,1.12
171,iquitos,12,PE,1533741710,83,-3.75,-73.25,79.88,3.85
172,khani,75,GE,1533738600,69,41.96,42.96,78.8,13.87
173,estepona,0,ES,1533740400,43,36.43,-5.15,87.8,6.93
174,carnarvon,44,ZA,1533741710,23,-30.97,22.13,46.67,11.12
175,bonavista,32,CA,1533741711,73,48.65,-53.11,69.08,16.6
176,falam,48,MM,1533741711,95,22.91,93.68,68.99,1.61
177,lompoc,90,US,1533741000,100,34.64,-120.46,55.4,1.72
178,brigham city,1,US,1533740280,21,41.51,-112.02,71.6,4.7
179,kamenka,80,RU,1533741712,61,53.19,44.05,66.38,12.8
180,tasiilaq,75,GL,1533739800,93,65.61,-37.64,39.2,11.41
181,si bun ruang,75,TH,1533736800,94,16.97,102.28,80.6,3.36
182,davila,92,PH,1533741712,100,18.47,120.58,78.8,8.88
183,qasigiannguit,90,GL,1533739800,93,68.82,-51.19,42.8,3.36
184,luwuk,48,ID,1533741713,94,-0.95,122.79,77.0,6.08
185,dicabisagan,92,PH,1533741713,100,17.08,122.42,74.66,2.39
186,kharp,88,RU,1533741714,100,66.82,65.8,56.03,10.78
187,skegness,0,GB,1533739800,46,53.14,0.34,75.2,11.41
188,saint-paul,0,FR,1533740400,42,45.22,1.9,84.2,6.93
189,tiksi,0,RU,1533741715,79,71.64,128.87,51.98,5.86
190,bhakkar,32,PK,1533741715,87,31.63,71.07,83.84,8.21
191,raychikhinsk,12,RU,1533741715,75,49.8,129.4,68.0,6.76
192,bograd,0,RU,1533738600,63,54.22,90.86,64.4,4.47
193,roma,40,IT,1533740100,78,41.89,12.48,87.8,4.7
194,kabare,0,RW,1533741716,49,-1.65,29.38,74.21,4.97
195,sokolovyy,75,RU,1533738600,41,51.57,45.83,77.0,13.42
196,novikovo,0,UA,1533741716,69,45.05,34.56,79.79,10.0
197,san patricio,92,PY,1533741635,100,-26.98,-56.83,59.72,7.65
198,vanimo,44,PG,1533741717,100,-2.67,141.3,83.12,9.66
199,beloha,8,MG,1533741717,74,-25.17,45.06,71.51,8.21
200,bridgetown,75,CA,1533740400,83,44.84,-65.29,78.8,2.24
201,hasaki,75,JP,1533739140,100,35.73,140.83,77.0,23.04
202,vila velha,20,BR,1533740400,58,-3.71,-38.6,86.0,18.34
203,otane,88,NZ,1533741718,94,-39.89,176.62,46.13,3.4
204,lebu,75,ET,1533736800,52,8.96,38.73,64.4,10.29
205,covington,75,US,1533740340,88,35.56,-89.65,80.6,5.82
206,lubbock,40,US,1533740100,39,33.58,-101.86,82.4,4.7
207,nouadhibou,75,MR,1533740400,78,20.93,-17.03,73.4,12.75
208,brae,20,GB,1533739800,67,60.4,-1.35,59.0,14.99
209,peniche,40,PT,1533740400,68,39.36,-9.38,80.6,18.34
210,neuquen,0,AR,1533736800,42,-38.95,-68.06,42.8,4.7
211,mahebourg,40,MU,1533736800,60,-20.41,57.7,75.2,3.36
212,hambantota,64,LK,1533741720,97,6.12,81.12,79.7,16.6
213,etchoropo,68,MX,1533741481,72,26.77,-109.67,85.28,4.63
214,karratha,0,AU,1533741721,76,-20.74,116.85,46.13,0.6
215,lenger,0,KZ,1533738600,25,42.18,69.89,89.6,6.71
216,saint-jean-de-braye,0,FR,1533740400,41,47.92,1.97,78.8,11.41
217,madang,88,PG,1533741721,100,-5.21,145.81,75.11,0.16
218,namibe,68,AO,1533741722,99,-15.19,12.15,66.47,5.53
219,margate,75,AU,1533740400,65,-43.03,147.26,46.4,9.17
220,trinidad,8,UY,1533741722,68,-33.52,-56.9,57.11,15.48
221,sibolga,76,ID,1533741723,98,1.74,98.78,69.98,1.72
222,wanning,20,AT,1533739800,33,48.64,13.53,91.4,11.41
223,shenjiamen,0,CN,1533741483,96,29.96,122.3,82.76,6.31
224,macheng,48,CN,1533741724,95,31.18,115.03,79.16,2.17
225,constitucion,40,MX,1533739320,88,23.99,-104.67,62.6,3.4
226,mashhad,0,IR,1533738600,19,36.3,59.61,86.0,9.17
227,pechenga,64,RU,1533741724,76,58.89,41.46,61.43,7.43
228,gazanjyk,0,TM,1533741725,17,39.24,55.52,96.17,8.21
229,ucluelet,20,CA,1533740400,93,48.94,-125.55,60.8,1.72
230,vuktyl,56,RU,1533741725,78,63.86,57.31,53.33,6.42
231,goundi,92,TD,1533741725,100,9.36,17.37,70.25,4.63
232,yagodnoye,92,RU,1533741726,100,62.52,149.63,48.74,2.51
233,riacho de santana,0,BR,1533736800,38,-13.61,-42.94,87.8,13.24
234,mount isa,0,AU,1533740400,28,-20.73,139.49,55.4,3.36
235,bougouni,92,ML,1533741726,100,11.42,-7.49,74.03,7.76
236,dire,75,ET,1533736800,52,9.18,38.92,64.4,10.29
237,port moresby,5,PG,1533736800,100,-9.47,147.16,75.2,11.41
238,malpe,75,IN,1533740400,88,13.35,74.72,78.8,6.93
239,basti,20,IN,1533741727,80,26.79,82.72,83.48,9.22
240,ribeira grande,40,PT,1533740400,73,38.52,-28.7,77.0,8.05
241,nelson,75,CA,1533740400,63,49.49,-117.29,62.6,2.24
242,lashio,24,MM,1533741728,96,22.93,97.75,71.6,1.83
243,faya,40,SA,1533736800,57,18.39,42.45,80.6,5.82
244,sur,44,OM,1533741729,86,22.57,59.53,85.55,6.42
245,kjollefjord,75,NO,1533739800,71,70.95,27.35,51.8,20.8
246,khandyga,0,RU,1533741729,91,62.65,135.58,54.14,2.39
247,mahibadhoo,92,MV,1533741721,99,3.78,72.97,83.66,15.14
248,leningradskiy,92,RU,1533741729,100,69.38,178.42,33.35,13.91
249,bannu,92,PK,1533741730,100,32.99,70.6,74.21,4.29
250,oranjemund,0,ZA,1533741730,97,-28.55,16.43,58.28,28.23
251,itaituba,40,BR,1533736800,70,-4.26,-55.99,86.0,4.97
252,svetlogorsk,75,RU,1533738600,60,53.14,59.15,71.6,6.71
253,vezirkopru,75,TR,1533739800,64,41.14,35.45,69.8,10.29
254,moron,20,VE,1533736800,66,10.49,-68.2,84.2,3.4
255,pacific grove,90,US,1533741060,100,36.62,-121.92,55.4,5.82
256,bandarbeyla,0,SO,1533741732,85,9.49,50.81,80.87,34.61
257,jurm,48,AF,1533741732,68,36.86,70.83,50.63,0.94
258,kailua,90,US,1533740220,83,21.39,-157.74,78.8,11.41
259,ballina,40,IE,1533740400,62,54.11,-9.15,57.2,14.99
260,ghorawal,76,IN,1533741733,87,24.75,82.78,80.33,11.45
261,port hardy,90,CA,1533740400,100,50.7,-127.42,53.6,4.7
262,salalah,90,OM,1533736200,94,17.01,54.1,78.8,4.7
263,sitka,92,US,1533741734,100,37.17,-99.65,68.27,5.19
264,nuuk,90,GL,1533739800,100,64.17,-51.74,42.8,14.99
265,saint-philippe,40,CA,1533740400,74,45.36,-73.48,80.6,8.05
266,kurilsk,92,RU,1533741735,97,45.23,147.88,56.3,10.45
267,isangel,20,VU,1533741735,100,-19.55,169.27,71.42,12.24
268,kyabe,100,TD,1533741735,100,9.45,18.94,72.68,4.18
269,otradnoye,0,RU,1533738600,40,59.77,30.8,73.4,13.42
270,grodzisk wielkopolski,0,PL,1533740400,32,52.23,16.36,95.0,16.11
271,ribeira brava,40,PT,1533740400,57,32.65,-17.07,78.8,17.22
272,yarkovo,0,RU,1533738600,63,54.81,82.6,64.4,3.29
273,college,90,US,1533740280,93,64.86,-147.8,48.2,3.36
274,nome,40,US,1533740100,66,30.04,-94.42,87.8,5.82
275,caravelas,56,BR,1533741733,99,-17.73,-39.27,76.73,8.66
276,vaitape,8,PF,1533741737,97,-16.52,-151.75,80.33,17.72
277,georgetown,75,GY,1533736800,74,6.8,-58.16,84.2,4.7
278,yakeshi,56,CN,1533741627,92,49.28,120.73,60.44,3.74
279,japura,88,ID,1533741738,80,-0.42,102.29,78.26,2.06
280,revelstoke,1,CA,1533740400,82,50.99,-118.19,60.8,1.72
281,kargil,92,PK,1533741738,100,34.56,76.13,34.97,1.16
282,laguna,75,MX,1533739260,66,27.52,-110.01,84.2,5.82
283,koungheul,92,SN,1533741738,90,13.98,-14.8,83.21,8.99
284,itaqui,88,BR,1533741739,95,-29.13,-56.55,58.01,18.39
285,port lincoln,92,AU,1533741739,95,-34.72,135.86,56.21,14.03
286,ambilobe,0,MG,1533741739,31,-13.19,49.05,81.05,11.12
287,broome,0,GB,1533740160,36,52.47,1.45,75.2,16.11
288,port hawkesbury,20,CA,1533740400,73,45.62,-61.36,77.0,10.29
289,bowling green,20,US,1533740100,66,36.99,-86.44,84.2,5.82
290,portland,75,US,1533740160,64,45.52,-122.67,69.8,2.62
291,vestmanna,92,FO,1533739800,87,62.16,-7.17,53.6,11.41
292,turochak,12,RU,1533741741,88,52.26,87.12,62.87,2.17
293,longyearbyen,40,NO,1533739800,76,78.22,15.63,48.2,14.99
294,san cristobal,32,EC,1533741741,82,-0.39,-78.55,56.12,2.39
295,bonaberi,75,CM,1533736800,78,4.08,9.66,82.4,5.82
296,vardo,20,US,1533740100,65,39.62,-77.74,86.0,6.93
297,astoria,90,US,1533740100,100,46.19,-123.83,55.4,4.7
298,victoria,90,BN,1533740400,94,5.28,115.24,78.8,6.93
299,turangi,48,NZ,1533741742,100,-39.0,175.93,43.61,6.53
300,quime,0,BO,1533741743,34,-16.98,-67.22,59.27,1.95
301,biscarrosse,75,FR,1533740400,57,44.41,-1.18,78.8,11.41
302,ciudad bolivar,24,VE,1533741743,100,8.12,-63.55,81.95,8.99
303,roald,75,NO,1533739800,93,62.58,6.12,68.0,4.7
304,zhigansk,32,RU,1533741722,74,66.77,123.37,61.07,0.83
305,alofi,64,NU,1533740400,88,-19.06,-169.92,64.4,1.12
306,pevek,36,RU,1533741744,100,69.7,170.27,33.35,9.78
307,emba,20,CY,1533740400,74,34.81,32.42,87.8,14.99
308,prerov,0,CZ,1533740400,40,49.46,17.45,93.2,6.93
309,boyolangu,68,ID,1533741745,73,-8.09,111.9,74.48,4.41
310,nago,40,IT,1533739800,46,45.88,10.89,91.4,5.82
311,sobolevo,20,RU,1533741745,67,54.43,31.9,72.68,4.74
312,auki,56,NG,1533741746,90,12.18,6.51,80.42,7.65
313,copperas cove,20,US,1533740280,62,31.12,-97.9,87.8,9.17
314,beaverlodge,20,CA,1533740400,82,55.21,-119.43,55.4,4.7
315,belgaum,92,IN,1533741746,99,15.87,74.5,68.72,7.2
316,hay river,75,CA,1533740400,82,60.82,-115.79,60.8,6.93
317,susanville,1,US,1533741300,37,40.42,-120.65,66.2,1.95
318,lodwar,64,KE,1533741747,36,3.12,35.6,87.89,7.09
319,lima,8,PE,1533741747,84,-12.06,-77.04,65.03,0.72
320,santa isabel do rio negro,64,BR,1533741747,97,-0.41,-65.02,76.37,2.51
321,beisfjord,0,NO,1533739800,53,68.38,17.6,71.6,6.93
322,ardmore,1,US,1533740280,70,34.99,-86.85,86.0,9.17
323,makushino,36,RU,1533741748,64,55.21,67.25,76.73,3.29
324,yaan,92,NG,1533741748,77,7.38,8.57,83.12,6.08
325,lorengau,24,PG,1533741749,100,-2.02,147.27,81.95,3.74
326,cortez,1,US,1533739980,22,37.35,-108.58,69.8,5.82
327,haines junction,92,CA,1533741749,82,60.75,-137.51,48.56,2.51
328,champerico,40,MX,1533739800,69,16.38,-93.6,77.0,4.7
329,ostrovnoy,64,RU,1533741750,53,68.05,39.51,63.77,15.03
330,namatanai,24,PG,1533741750,100,-3.66,152.44,81.05,11.68
331,weligama,88,LK,1533741750,96,5.97,80.42,77.72,12.68
332,afyonkarahisar,40,TR,1533736200,32,38.76,30.53,82.4,8.05
333,gambela,12,ET,1533741751,64,8.25,34.59,75.83,3.18
334,chipinge,0,ZW,1533741751,46,-20.19,32.62,83.93,11.68
335,walvis bay,0,NA,1533741751,96,-22.95,14.51,59.81,19.39
336,ozernovskiy,92,RU,1533741751,98,51.5,156.52,49.1,3.18
337,samarai,64,PG,1533741751,100,-10.62,150.67,77.27,16.26
338,omaruru,0,NA,1533741752,16,-21.42,15.95,82.67,16.04
339,marrakesh,40,MA,1533740400,29,31.63,-7.99,98.6,5.82
340,svelgen,75,NO,1533739800,87,61.77,5.3,64.4,16.11
341,torbay,75,CA,1533740400,69,47.66,-52.73,78.8,13.87
342,nagothana,75,IN,1533738600,83,18.54,73.14,82.4,16.11
343,riverton,1,US,1533740100,30,43.02,-108.38,69.8,11.41
344,baruun-urt,24,MN,1533741753,89,46.68,113.28,61.79,2.95
345,novoye leushino,92,RU,1533741753,79,56.81,40.51,62.33,12.24
346,sao jose da coroa grande,64,BR,1533741754,92,-8.9,-35.15,77.63,9.55
347,coihaique,40,CL,1533736800,86,-45.58,-72.07,41.0,6.93
348,deputatskiy,0,RU,1533741754,68,69.3,139.9,44.15,6.42
349,okha,92,RU,1533741754,89,53.59,142.95,57.83,6.98
350,maple creek,0,CA,1533741754,33,49.91,-109.46,73.76,3.18
351,mendoza,0,AR,1533736800,39,-32.89,-68.84,48.2,5.82
352,spirit river,20,CA,1533740400,82,55.78,-118.84,55.4,4.7
353,port macquarie,0,AU,1533740400,86,-31.43,152.91,41.0,7.87
354,batagay,0,RU,1533741755,84,67.65,134.64,49.46,2.51
355,ossora,64,RU,1533741756,100,59.24,163.07,53.78,4.07
356,lagoa,0,PT,1533740400,51,37.14,-8.45,80.6,18.34
357,valparaiso,75,US,1533741420,83,41.47,-87.06,77.0,4.7
358,abu samrah,0,SY,1533741756,31,35.3,37.18,93.47,17.05
359,aykhal,32,RU,1533741756,62,65.95,111.51,54.77,6.2
360,saint george,0,GR,1533739800,38,39.45,22.34,89.6,12.75
361,san francisco,90,US,1533740400,87,37.78,-122.42,60.8,6.93
362,huangchuan,90,CN,1533736800,100,24.57,102.46,62.6,8.95
363,oranjestad,40,AW,1533736800,70,12.52,-70.03,86.0,27.51
364,wolbrom,20,PL,1533740400,57,50.38,19.76,80.6,9.17
365,raudeberg,75,NO,1533739800,87,61.99,5.14,64.4,16.11
366,reconquista,0,AR,1533741759,81,-29.14,-59.64,56.12,20.29
367,barcelos,20,PT,1533740400,68,41.53,-8.62,71.6,8.05
368,salta,90,AR,1533736800,89,-24.79,-65.41,59.0,10.29
369,lasa,20,CY,1533740400,74,34.92,32.53,87.8,14.99
370,pangnirtung,75,CA,1533740400,93,66.15,-65.72,42.8,16.11
371,iskateley,76,RU,1533741760,66,67.68,53.15,55.85,17.38
372,alice springs,0,AU,1533740400,33,-23.7,133.88,42.8,5.82
373,fundao,75,BR,1533736800,88,-19.93,-40.4,73.4,5.82
374,dingle,88,PH,1533741761,93,11.0,122.67,77.0,8.55
375,juneau,90,US,1533740160,93,58.3,-134.42,57.2,13.87
376,lavrentiya,80,RU,1533741762,98,65.58,-170.99,44.87,7.2
377,rio grande,40,BR,1533736800,100,-32.03,-52.1,55.4,5.82
378,kermanshah,20,IR,1533738600,7,34.32,47.07,100.4,16.11
379,bilibino,20,RU,1533741762,94,68.06,166.44,37.58,1.95
380,strezhevoy,75,RU,1533738600,93,60.73,77.6,64.4,11.18
381,kostino,44,BG,1533740400,40,41.7,25.3,87.8,11.41
382,helena,1,US,1533739980,48,46.59,-112.04,62.6,3.51
383,jian,12,IN,1533741764,93,25.65,87.89,81.14,7.87
384,vila franca do campo,75,PT,1533740400,65,37.72,-25.43,78.8,13.87
385,los llanos de aridane,40,ES,1533740400,61,28.66,-17.92,78.8,14.99
386,kulhudhuffushi,80,MV,1533741764,94,6.62,73.07,84.29,20.18
387,port-gentil,75,GA,1533736800,78,-0.72,8.78,77.0,11.41
388,moen,75,NO,1533739800,56,69.13,18.61,68.0,5.82
389,alta floresta,0,BR,1533736800,38,-9.87,-56.08,91.4,4.7
390,flinders,0,AU,1533736800,54,-34.58,150.85,55.4,8.05
391,tignere,88,CM,1533741766,92,7.37,12.65,69.62,4.52
392,bubaque,90,GW,1533740400,100,11.28,-15.83,75.2,2.24
393,camacha,40,PT,1533740400,64,33.08,-16.33,78.8,17.22
394,xingyi,56,CN,1533741766,96,24.19,102.82,59.9,1.95
395,foz,92,ES,1533741767,100,43.57,-7.26,65.48,5.19
396,maragogi,64,BR,1533741767,92,-9.01,-35.22,77.63,9.55
397,erzin,20,TR,1533739800,49,36.95,36.2,91.4,17.22
398,naze,75,NG,1533736800,66,5.43,7.07,86.0,4.7
399,balagansk,0,RU,1533741767,87,54.01,103.05,55.94,2.17
400,nishihara,90,JP,1533740160,94,35.74,139.53,77.0,20.8
401,amazar,64,RU,1533741768,86,53.86,120.88,57.83,2.06
402,maihar,88,IN,1533741768,95,24.26,80.76,77.0,5.75
403,hanzhong,24,CN,1533741768,88,33.08,107.03,73.76,1.16
404,kununurra,0,AU,1533740400,50,-15.77,128.74,57.2,3.36
405,tinaquillo,20,VE,1533736800,66,9.92,-68.31,84.2,3.4
406,lazarev,88,RU,1533741769,93,52.23,141.51,60.44,5.41
407,vigrestad,75,NO,1533739800,88,58.57,5.7,66.2,8.05
408,langsa,80,ID,1533741770,92,4.47,97.97,71.87,2.51
409,mchinji,0,MW,1533741770,25,-13.8,32.89,79.88,9.66
410,cockburn town,0,TC,1533741770,99,21.46,-71.14,82.31,15.48
411,sovetskaya gavan,20,RU,1533741606,98,48.97,140.29,56.21,6.2
412,saint-gaudens,90,FR,1533740400,61,43.11,0.72,77.0,6.93
413,khuzhir,0,RU,1533741771,96,53.19,107.35,50.81,1.28
414,abalak,36,NE,1533741771,65,15.46,6.28,88.07,5.75
415,santos dumont,75,BR,1533736800,88,-21.46,-43.55,62.6,6.93
416,emden,75,DE,1533740100,53,53.37,7.21,75.2,13.87
417,caceres,8,CO,1533741772,67,5.53,-74.53,78.17,2.39
418,bolshevik,0,BY,1533738600,39,54.01,27.57,80.6,4.47
419,ocean city,40,US,1533740280,62,30.44,-86.61,87.8,5.82
420,lao cai,76,VN,1533741772,98,22.48,103.95,68.54,1.5
421,kawalu,68,ID,1533741772,98,-7.38,108.21,65.3,1.95
422,mazagao,75,BR,1533736800,66,-0.12,-51.29,89.6,13.87
423,corinto,8,BR,1533741773,59,-18.36,-44.46,82.31,7.31
424,venado tuerto,92,AR,1533741773,96,-33.75,-61.97,45.41,31.92
425,cuamba,0,MZ,1533741773,23,-14.8,36.54,83.66,4.41
426,buin,0,CL,1533740400,61,-33.73,-70.74,50.0,8.05
427,lata,88,IN,1533741774,100,30.78,78.62,61.25,0.16
428,gramado,75,BR,1533736800,67,-29.38,-50.87,59.0,11.41
429,behshahr,20,IR,1533736800,56,36.69,53.54,93.2,4.7
430,mbigou,92,GA,1533741774,74,-1.9,11.91,75.11,2.62
431,verkhnevilyuysk,100,RU,1533741775,69,63.45,120.31,61.97,3.62
432,glace bay,40,CA,1533740400,61,46.2,-59.96,82.4,17.22
433,ixtapa,90,MX,1533739860,100,20.71,-105.21,77.0,2.84
434,waterford,56,IE,1533741775,73,52.26,-7.11,62.6,11.34
435,adrar,40,DZ,1533740400,11,27.87,-0.29,109.4,11.41
436,kayes,88,ML,1533741776,100,14.44,-11.44,75.83,5.3
437,santa vitoria do palmar,92,BR,1533741579,100,-33.52,-53.37,56.93,10.22
438,touros,24,BR,1533741776,80,-5.2,-35.46,79.43,13.35
439,pangoa,0,PE,1533741776,67,-12.12,-73.0,75.38,1.39
440,goderich,92,CA,1533741718,100,43.74,-81.71,65.84,5.64
441,tabou,44,CI,1533741777,100,4.42,-7.36,78.17,10.67
442,fairbanks,90,US,1533740280,93,64.84,-147.72,48.2,3.36
443,emet,0,TR,1533741764,51,39.34,29.26,76.46,7.76
444,poum,40,MK,1533740400,51,41.28,20.71,82.4,4.7
445,valer,0,ES,1533741777,29,41.76,-6.18,83.21,10.67
446,atasu,0,KZ,1533741778,53,48.68,71.64,77.0,10.11
447,pokaran,88,IN,1533741778,92,26.93,71.92,82.22,5.19
448,ulaangom,48,MN,1533741778,94,49.98,92.07,51.53,1.95
449,gizo,40,IL,1533739800,62,31.8,34.94,86.0,10.29
450,mae hong son,64,MM,1533741778,94,19.3,97.96,72.95,1.95
451,zadonsk,0,RU,1533738600,33,52.39,38.93,73.4,11.18
452,luanda,0,AO,1533736800,73,-8.83,13.24,75.2,9.17
453,antofagasta,40,CL,1533736800,71,-23.65,-70.4,57.2,2.24
454,khatra,88,IN,1533741779,93,22.98,86.85,78.8,9.1
455,plastun,92,RU,1533741779,94,44.76,136.29,59.63,1.95
456,salisbury,20,GB,1533740160,52,51.07,-1.8,69.8,18.34
457,manaure,40,CO,1533740400,52,11.78,-72.45,91.4,23.04
458,port hueneme,20,US,1533740280,77,34.15,-119.2,77.0,3.36
459,mantua,40,IT,1533740100,46,45.16,10.79,93.2,5.82
460,lincoln,0,GB,1533739860,35,53.23,-0.54,73.4,14.99
461,norrtalje,0,SE,1533739800,32,59.76,18.7,86.0,24.16
462,kennett,75,US,1533740340,74,36.24,-90.06,80.6,10.29
463,ilulissat,90,GL,1533739800,93,69.22,-51.1,42.8,3.36
464,orlik,0,RU,1533741782,83,52.51,99.83,44.78,2.28
465,kanker,92,IN,1533741782,97,20.27,81.49,73.58,14.03
466,umm kaddadah,12,SD,1533741782,46,13.6,26.69,89.06,5.19
467,tornio,0,FI,1533739800,38,61.12,27.27,75.2,10.29
468,chimbote,36,PE,1533741783,95,-9.08,-78.59,62.78,0.6
469,pitsunda,90,GE,1533738600,78,43.16,40.34,78.8,4.97
470,sokoni,0,CD,1533741783,17,-12.89,28.78,84.2,3.62
471,shingu,0,JP,1533741784,91,33.72,135.99,83.03,4.41
472,lar,40,IR,1533736800,14,27.66,54.32,107.6,9.17
473,rio gallegos,0,AR,1533736800,88,-51.62,-69.22,41.0,5.82
474,biloela,0,AU,1533741784,76,-24.4,150.51,39.02,3.51
475,pinheiro machado,92,BR,1533741784,99,-31.58,-53.38,60.98,11.79
476,dali,88,CN,1533741785,100,25.6,100.24,62.06,1.95
477,bida,20,NG,1533741785,95,9.08,6.02,83.48,4.41
478,bathsheba,40,BB,1533740400,62,13.22,-59.52,87.8,18.34
479,san carlos de bariloche,0,AR,1533736800,69,-41.13,-71.31,35.6,8.05
480,north bend,90,US,1533740160,93,43.41,-124.22,57.2,5.82
481,tigil,100,RU,1533741786,99,57.8,158.67,55.67,4.63
482,garissa,80,KE,1533741786,64,-0.46,39.64,80.51,14.03
483,salair,0,RU,1533741787,77,54.23,85.8,59.99,4.41
484,kihei,90,US,1533740160,78,20.76,-156.45,77.0,5.82
485,tabuk,92,PH,1533741787,97,17.41,121.44,68.99,1.28
486,ust-kut,0,RU,1533741787,77,56.78,105.75,47.48,3.06
487,aracaju,75,BR,1533740400,65,-10.92,-37.08,82.4,11.41
488,oktyabrskiy,0,RU,1533738600,33,55.61,37.97,71.6,15.66
489,kimberley,0,ZA,1533740400,14,-28.74,24.76,59.0,3.36
490,ahipara,36,NZ,1533741788,97,-35.17,173.16,53.78,14.25
491,grahamstown,0,ZA,1533741789,49,-33.31,26.53,56.03,9.66
492,aurad,68,IN,1533741789,86,18.25,77.42,74.3,9.44
493,boca do acre,56,BR,1533741789,71,-8.76,-67.39,84.11,2.95
494,omboue,36,GA,1533741790,100,-1.57,9.26,72.68,9.33
495,sa kaeo,80,TH,1533741790,94,13.8,102.09,74.57,8.43
496,hualmay,24,PE,1533741590,76,-11.1,-77.61,63.05,2.28
497,okitipupa,92,NG,1533741792,77,6.5,4.78,81.77,4.18
498,arlit,0,NE,1533741777,66,18.74,7.39,91.13,3.62
499,mamlyutka,0,KZ,1533738600,73,54.94,68.54,77.0,4.47
500,sorland,44,NO,1533739800,82,67.67,12.69,71.6,17.22
501,bella union,0,CO,1533741793,46,8.5,-73.35,83.93,2.84
502,saint-augustin,90,FR,1533740400,54,44.83,-0.61,78.8,5.82
503,mutsu,80,JP,1533741793,97,41.29,141.2,66.2,9.22
504,humen,20,CN,1533740400,66,22.82,113.67,87.8,11.41
505,taoudenni,64,ML,1533741794,24,22.68,-3.98,103.91,6.76
506,el alto,20,BO,1533736800,52,-16.5,-68.19,44.6,6.93
507,sisimiut,100,GL,1533741631,98,66.94,-53.67,43.43,1.95
508,campbellsville,75,US,1533741300,88,37.34,-85.34,80.6,6.93
509,olinda,0,EC,1533741795,84,-2.03,-79.75,77.81,4.63
510,port augusta,0,AU,1533740400,93,-32.49,137.76,42.8,5.82
511,batemans bay,0,AU,1533741795,87,-35.71,150.18,51.62,5.41
512,richards bay,20,ZA,1533741796,61,-28.77,32.06,62.33,8.99
513,avera,1,US,1533740100,70,33.19,-82.53,86.0,10.29
514,makakilo city,90,US,1533740220,69,21.35,-158.09,78.8,3.36
515,okhotsk,0,RU,1533741796,100,59.36,143.24,53.15,5.19
516,cabildo,0,CL,1533736800,51,-32.43,-71.07,59.0,11.41
517,hayden,1,US,1533741300,46,47.77,-116.79,69.8,8.05
518,elat,92,CM,1533741797,81,2.91,11.16,73.94,2.95
519,new milford,1,US,1533740160,62,40.94,-74.02,87.8,2.17
520,taormina,20,IT,1533740100,70,37.85,15.29,93.2,3.36
521,maceio,40,BR,1533740400,61,-9.67,-35.74,80.6,12.75
522,cabedelo,75,BR,1533736800,61,-6.97,-34.84,82.4,12.75
523,jizan,75,SA,1533736800,53,16.89,42.56,95.0,6.93
524,las palmas,48,PE,1533741799,81,-6.53,-76.35,77.54,2.39
525,misratah,0,LY,1533741799,66,32.38,15.09,87.26,10.67
526,chakia,0,IN,1533741799,76,26.42,85.05,84.11,11.12
527,arzgir,100,RU,1533741799,26,45.37,44.21,93.38,3.18
528,dalnegorsk,92,RU,1533741800,96,44.56,135.58,61.34,3.06
529,mananjary,0,MG,1533741800,31,-19.16,46.8,66.65,3.62
530,carutapera,68,BR,1533741800,76,-1.2,-46.02,83.48,13.13
531,rocha,92,UY,1533741800,95,-34.48,-54.34,57.11,7.54
532,marzuq,92,YE,1533741717,28,14.4,46.47,84.2,1.28
533,superior,75,US,1533741120,72,39.95,-105.17,69.8,14.99
534,rio cuarto,0,AR,1533736800,49,-33.13,-64.35,48.2,23.04
535,crib point,36,AU,1533741801,94,-38.35,145.2,50.18,11.34
536,tessalit,24,ML,1533741734,35,20.2,1.01,98.87,4.85
537,kolyshley,48,RU,1533741632,65,52.7,44.54,67.28,11.9
538,patacamaya,0,BO,1533741802,74,-17.23,-67.92,44.69,4.41
